First name,Last Name,Credit Card,Comment,Description
John,Michaels,1212,rt,bt5
Scott,Tiger,5457623898234113,ccc,ddd
Fred,James,1234567890123456,ttt,yyy
Fred,Aster,31233444534304,rfe,ggy
Johny,Max,0987654312345678,rt,bt5
Scoty,Lion,5457857898234113,ccc,ddd
Fred,James,1234567890123456,ttt,yyy
Fred,Aster,31233444534304,rfe,ggy
John,Michaels,1212,rt,bt5
Scott,Tiger,5457623898234113,ccc,ddd
Fred,James,1234567890123456,ttt,yyy
Fred,Aster,31233444534304,rfe,ggy
John,Michaels,1212,rt,bt5
Scott,Tiger,5457623898234113,ccc,ddd
Fred,James,1234567890123456,ttt,yyy
Fred,Aster,31233444534304,rfe,ggy
Jjjohn,Michaels,0987678987651212,rt,bt5
Scooott,Tiger,5457623898234113,ccc,ddd
Fred,James,1234567890123456,ttt,yyy
Freeed,Aster,31233444534304,rfe,ggy
Johhhn,Michaels,121209876543212345,rt,bt5
Scott,Tiger,5457623898234113,ccc,ddd
Fred,James,1234476590123456,ttt,yyy
Freed,Aster,31233578934304,rfe,ggy